{
    "fileName": "Phoenix.json",
    "name": "CTRE-Phoenix",
    "version": "5.18.2",
    "uuid": "ab676553-b602-441f-a38d-f1296eff6537",
    "mavenUrls": [
        "http://devsite.ctr-electronics.com/maven/release/"
    ],
    "jsonUrl": "http://devsite.ctr-electronics.com/maven/release/com/ctre/phoenix/Phoenix-latest.json",
    "javaDependencies": [
        {
            "groupId": "com.ctre.phoenix",
            "artifactId": "api-java",
            "version": "5.18.2"
        },
        {
            "groupId": "com.ctre.phoenix",
            "artifactId": "wpiapi-java",
            "version": "5.18.2"
        }
    ],
    "jniDependencies": [
        {
            "groupId": "com.ctre.phoenix",
            "artifactId": "cci",
            "version": "5.18.2",
            "isJar": false,
            "skipInvalidPlatforms": true,
            "validPlatforms": [
                "linuxathena",
                "windowsx86-64",
                "linuxx86-64"
            ]
        },
        {
            "groupId": "com.ctre.phoenix",
            "artifactId": "diagnostics",
            "version": "5.18.2",
            "isJar": false,
            "skipInvalidPlatforms": true,
            "validPlatforms": [
                "linuxathena",
                "windowsx86-64",
                "linuxx86-64"
            ]
        },
        {
            "groupId": "com.ctre.phoenix",
            "artifactId": "canutils",
            "version": "5.18.2",
            "isJar": false,
            "skipInvalidPlatforms": true,
            "validPlatforms": [
                "windowsx86-64",
                "linuxx86-64"
            ]
        },
        {
            "groupId": "com.ctre.phoenix",
            "artifactId": "platform-stub",
            "version": "5.18.2",
            "isJar": false,
            "skipInvalidPlatforms": true,
            "validPlatforms": [
                "windowsx86-64",
                "linuxx86-64"
            ]
        },
        {
            "groupId": "com.ctre.phoenix",
            "artifactId": "core",
            "version": "5.18.2",
            "isJar": false,
            "skipInvalidPlatforms": true,
            "validPlatforms": [
                "linuxathena",
                "windowsx86-64",
                "linuxx86-64"
            ]
        }
    ],
    "cppDependencies": [
        {
            "groupId": "com.ctre.phoenix",
            "artifactId": "wpiapi-cpp",
            "version": "5.18.2",
            "libName": "CTRE_Phoenix_WPI",
            "headerClassifier": "headers",
            "sharedLibrary": false,
            "skipInvalidPlatforms": true,
            "binaryPlatforms": [
                "linuxathena",
                "windowsx86-64",
                "linuxx86-64"
            ]
        },
        {
            "groupId": "com.ctre.phoenix",
            "artifactId": "api-cpp",
            "version": "5.18.2",
            "libName": "CTRE_Phoenix",
            "headerClassifier": "headers",
            "sharedLibrary": false,
            "skipInvalidPlatforms": true,
            "binaryPlatforms": [
                "linuxathena",
                "windowsx86-64",
                "linuxx86-64"
            ]
        },
        {
            "groupId": "com.ctre.phoenix",
            "artifactId": "cci",
            "version": "5.18.2",
            "libName": "CTRE_PhoenixCCI",
            "headerClassifier": "headers",
            "sharedLibrary": false,
            "skipInvalidPlatforms": true,
            "binaryPlatforms": [
                "linuxathena",
                "windowsx86-64",
                "linuxx86-64"
            ]
        },
        {
            "groupId": "com.ctre.phoenix",
            "artifactId": "diagnostics",
            "version": "5.18.2",
            "libName": "CTRE_PhoenixDiagnostics",
            "headerClassifier": "headers",
            "sharedLibrary": false,
            "skipInvalidPlatforms": true,
            "binaryPlatforms": [
                "linuxathena",
                "windowsx86-64",
                "linuxx86-64"
            ]
        },
        {
            "groupId": "com.ctre.phoenix",
            "artifactId": "canutils",
            "version": "5.18.2",
            "libName": "CTRE_PhoenixCanutils",
            "headerClassifier": "headers",
            "sharedLibrary": false,
            "skipInvalidPlatforms": true,
            "binaryPlatforms": [
                "windowsx86-64",
                "linuxx86-64"
            ]
        },
        {
            "groupId": "com.ctre.phoenix",
            "artifactId": "platform-stub",
            "version": "5.18.2",
            "libName": "CTRE_PhoenixPlatform",
            "headerClassifier": "headers",
            "sharedLibrary": false,
            "skipInvalidPlatforms": true,
            "binaryPlatforms": [
                "windowsx86-64",
                "linuxx86-64"
            ]
        },
        {
            "groupId": "com.ctre.phoenix",
            "artifactId": "core",
            "version": "5.18.2",
            "libName": "CTRE_PhoenixCore",
            "headerClassifier": "headers",
            "sharedLibrary": false,
            "skipInvalidPlatforms": true,
            "binaryPlatforms": [
                "linuxathena",
                "windowsx86-64",
                "linuxx86-64"
            ]
        }
    ]
}